{"cameraMode":{"drawMode":0,"name":"Shaded","section":"Shading Mode"},"sceneLighting":false,"audioPlay":false,"sceneViewState":{"showFog":true,"showMaterialUpdate":false,"showSkybox":false,"showFlares":true,"showImageEffects":true,"showParticleSystems":true,"showVisualEffectGraphs":true,"m_FxEnabled":true},"in2DMode":false,"pivot":{"x":-0.1710326075553894,"y":4.028338432312012,"z":0.3434305191040039},"rotation":{"x":0.012401909567415715,"y":-0.3404284715652466,"z":-0.0044907014816999439,"w":-0.9401814341545105},"size":70.54106903076172,"orthographic":false}