{"cameraMode":{"drawMode":0,"name":"Shaded","section":"Shading Mode"},"sceneLighting":true,"audioPlay":false,"sceneViewState":{"showFog":true,"showMaterialUpdate":false,"showSkybox":true,"showFlares":true,"showImageEffects":true,"showParticleSystems":true,"showVisualEffectGraphs":true,"m_FxEnabled":true},"in2DMode":false,"pivot":{"x":-0.07500019669532776,"y":0.15559032559394837,"z":-0.0004444774240255356},"rotation":{"x":0.13635334372520448,"y":0.021109718829393388,"z":-0.0029052405152469875,"w":0.9904374480247498},"size":0.40297234058380129,"orthographic":false}