{"cameraMode":{"drawMode":0,"name":"Shaded","section":"Shading Mode"},"sceneLighting":true,"audioPlay":false,"sceneViewState":{"showFog":true,"showMaterialUpdate":false,"showSkybox":true,"showFlares":true,"showImageEffects":true,"showParticleSystems":true,"showVisualEffectGraphs":true,"m_FxEnabled":true},"in2DMode":false,"pivot":{"x":0.002684585750102997,"y":0.0044034309685230259,"z":0.4974011182785034},"rotation":{"x":0.16280969977378846,"y":0.731164813041687,"z":-0.1873272806406021,"w":0.6354647874832153},"size":0.043315090239048007,"orthographic":false}