{"cameraMode":{"drawMode":0,"name":"Shaded","section":"Shading Mode"},"sceneLighting":false,"audioPlay":false,"sceneViewState":{"showFog":true,"showMaterialUpdate":false,"showSkybox":false,"showFlares":true,"showImageEffects":true,"showParticleSystems":true,"showVisualEffectGraphs":true,"m_FxEnabled":true},"in2DMode":false,"pivot":{"x":-1.9744038581848145e-7,"y":0.005590323358774185,"z":-0.00044448673725128174},"rotation":{"x":0.1138332188129425,"y":0.06285546720027924,"z":-0.00721553061157465,"w":0.9914891123771668},"size":0.14643548429012299,"orthographic":false}