{"cameraMode":{"drawMode":0,"name":"Shaded","section":"Shading Mode"},"sceneLighting":false,"audioPlay":false,"sceneViewState":{"showFog":true,"showMaterialUpdate":false,"showSkybox":false,"showFlares":true,"showImageEffects":true,"showParticleSystems":true,"showVisualEffectGraphs":true,"m_FxEnabled":true},"in2DMode":false,"pivot":{"x":-2.4586915969848635e-7,"y":0.006987905129790306,"z":0.06944440305233002},"rotation":{"x":0.13635334372520448,"y":0.021109718829393388,"z":-0.0029052405152469875,"w":0.9904374480247498},"size":0.15389728546142579,"orthographic":false}