{"cameraMode":{"drawMode":0,"name":"Shaded","section":"Shading Mode"},"sceneLighting":false,"audioPlay":false,"sceneViewState":{"showFog":true,"showMaterialUpdate":false,"showSkybox":false,"showFlares":true,"showImageEffects":true,"showParticleSystems":true,"showVisualEffectGraphs":true,"m_FxEnabled":true},"in2DMode":false,"pivot":{"x":0.010374665260314942,"y":-0.23020078241825105,"z":0.8866574764251709},"rotation":{"x":-0.1079767569899559,"y":-0.047107476741075519,"z":0.005122215487062931,"w":-0.9930246472358704},"size":1.5939459800720215,"orthographic":false}